trade_id,direction,entry_time,entry_price,exit_time,exit_price,exit_reason,points_gross,costs_points,points,pct,pnl_usd,bars_held,mae_points,mfe_points,entry_reason,ind_close,ind_ema_fast,ind_ema_slow,ind_rsi,ind_volume
1,long,2026-06-23 12:45:00-04:00,29902.5,2026-06-23 12:45:00-04:00,29882.5,SL,-20.0,1.5,-21.5,-0.0719,-430.0,1,-20.0,4.75,"Cruce alcista EMA + RSI 50.9 en (50, 70)",29900.5,29863.64,29863.45,50.92,2781.0
2,short,2026-06-23 12:55:00-04:00,29854.75,2026-06-23 12:55:00-04:00,29874.75,SL,-20.0,1.5,-21.5,-0.072,-430.0,1,-20.0,18.0,"Cruce bajista EMA + RSI 45.6 en (30, 50)",29854.75,29861.8,29862.65,45.64,2766.0
3,long,2026-06-23 13:35:00-04:00,29873.0,2026-06-23 13:35:00-04:00,29853.0,SL,-20.0,1.5,-21.5,-0.072,-430.0,1,-20.0,23.5,"Cruce alcista EMA + RSI 50.1 en (50, 70)",29873.0,29857.97,29857.52,50.11,3415.0
4,short,2026-06-23 13:40:00-04:00,29850.0,2026-06-23 13:50:00-04:00,29810.0,TP,40.0,1.5,38.5,0.129,770.0,3,-7.5,40.0,"Cruce bajista EMA + RSI 47.0 en (30, 50)",29850.75,29856.52,29856.91,47.01,2916.0
5,long,2026-06-24 09:35:00-04:00,29809.0,2026-06-24 09:35:00-04:00,29789.0,SL,-20.0,1.5,-21.5,-0.0721,-430.0,1,-20.0,32.5,"Cruce alcista EMA + RSI 57.9 en (50, 70)",29808.25,29713.77,29712.92,57.93,18783.0
6,short,2026-06-24 09:45:00-04:00,29662.5,2026-06-24 09:45:00-04:00,29682.5,SL,-20.0,1.5,-21.5,-0.0725,-430.0,1,-20.0,100.25,"Cruce bajista EMA + RSI 45.4 en (30, 50)",29663.75,29705.76,29709.55,45.4,11906.0
7,long,2026-06-24 10:40:00-04:00,29726.0,2026-06-24 10:40:00-04:00,29766.0,TP,40.0,1.5,38.5,0.1295,770.0,1,-15.75,40.0,"Cruce alcista EMA + RSI 51.9 en (50, 70)",29726.25,29698.71,29697.42,51.94,5711.0
8,short,2026-06-24 12:35:00-04:00,29713.25,2026-06-24 12:35:00-04:00,29733.25,SL,-20.0,1.5,-21.5,-0.0724,-430.0,1,-20.0,63.25,"Cruce bajista EMA + RSI 43.8 en (30, 50)",29713.25,29757.03,29760.32,43.8,3480.0
9,short,2026-06-25 15:10:00-04:00,29706.75,2026-06-25 15:10:00-04:00,29666.75,TP,40.0,1.5,38.5,0.1296,770.0,1,-7.75,40.0,"Cruce bajista EMA + RSI 45.4 en (30, 50)",29705.75,29752.55,29756.41,45.44,3262.0
10,long,2026-06-26 11:35:00-04:00,29582.5,2026-06-26 11:35:00-04:00,29622.5,TP,40.0,1.5,38.5,0.1301,770.0,1,0.0,40.0,"Cruce alcista EMA + RSI 53.1 en (50, 70)",29582.25,29541.28,29537.86,53.14,6911.0
11,short,2026-06-26 13:55:00-04:00,29575.5,2026-06-26 14:10:00-04:00,29535.5,TP,40.0,1.5,38.5,0.1302,770.0,4,-6.5,40.0,"Cruce bajista EMA + RSI 47.1 en (30, 50)",29576.25,29597.95,29600.28,47.12,1746.0
12,long,2026-06-29 09:35:00-04:00,29762.25,2026-06-29 09:35:00-04:00,29742.25,SL,-20.0,1.5,-21.5,-0.0722,-430.0,1,-20.0,5.5,"Cruce alcista EMA + RSI 64.6 en (50, 70)",29762.25,29511.66,29501.53,64.59,14642.0
13,short,2026-06-29 10:15:00-04:00,29330.0,2026-06-29 10:15:00-04:00,29350.0,SL,-20.0,1.5,-21.5,-0.0733,-430.0,1,-20.0,56.25,"Cruce bajista EMA + RSI 38.3 en (30, 50)",29330.75,29548.19,29552.34,38.32,11164.0
14,long,2026-06-29 10:45:00-04:00,29578.0,2026-06-29 10:45:00-04:00,29558.0,SL,-20.0,1.5,-21.5,-0.0727,-430.0,1,-20.0,6.25,"Cruce alcista EMA + RSI 52.1 en (50, 70)",29580.25,29548.57,29544.4,52.13,4621.0
15,long,2026-07-01 15:25:00-04:00,30207.0,2026-07-01 15:25:00-04:00,30187.0,SL,-20.0,1.5,-21.5,-0.0712,-430.0,1,-20.0,1.75,"Cruce alcista EMA + RSI 54.9 en (50, 70)",30206.5,30179.4,30178.15,54.88,2394.0
16,short,2026-07-01 15:45:00-04:00,30143.5,2026-07-01 15:50:00-04:00,30103.5,TP,40.0,1.5,38.5,0.1277,770.0,2,-18.25,40.0,"Cruce bajista EMA + RSI 42.9 en (30, 50)",30143.25,30175.53,30177.46,42.86,3617.0
17,long,2026-07-02 10:00:00-04:00,30257.75,2026-07-02 10:00:00-04:00,30237.75,SL,-20.0,1.5,-21.5,-0.0711,-430.0,1,-20.0,35.75,"Cruce alcista EMA + RSI 60.3 en (50, 70)",30257.5,30174.95,30166.16,60.33,5986.0
18,short,2026-07-02 10:25:00-04:00,30080.0,2026-07-02 10:25:00-04:00,30040.0,TP,40.0,1.5,38.5,0.128,770.0,1,-14.75,40.0,"Cruce bajista EMA + RSI 41.1 en (30, 50)",30079.75,30165.76,30168.08,41.05,8773.0
19,long,2026-07-02 15:00:00-04:00,29488.75,2026-07-02 15:00:00-04:00,29468.75,SL,-20.0,1.5,-21.5,-0.0729,-430.0,1,-20.0,14.5,"Cruce alcista EMA + RSI 50.1 en (50, 70)",29489.0,29474.82,29472.96,50.15,3420.0
20,short,2026-07-02 15:05:00-04:00,29403.5,2026-07-02 15:05:00-04:00,29423.5,SL,-20.0,1.5,-21.5,-0.0731,-430.0,1,-20.0,22.0,"Cruce bajista EMA + RSI 40.1 en (30, 50)",29402.75,29460.41,29466.58,40.06,4835.0
21,long,2026-07-02 15:55:00-04:00,29533.25,2026-07-02 15:55:00-04:00,29513.25,SL,-20.0,1.5,-21.5,-0.0728,-430.0,1,-20.0,54.75,"Cruce alcista EMA + RSI 59.5 en (50, 70)",29533.5,29458.65,29453.26,59.45,8174.0
22,short,2026-07-06 13:05:00-04:00,29994.5,2026-07-06 13:05:00-04:00,30014.5,SL,-20.0,1.5,-21.5,-0.0717,-430.0,1,-20.0,3.0,"Cruce bajista EMA + RSI 47.8 en (30, 50)",29994.75,30015.87,30017.59,47.78,3142.0
23,long,2026-07-06 14:55:00-04:00,29989.0,2026-07-06 15:15:00-04:00,30029.0,TP,40.0,1.5,38.5,0.1284,770.0,5,-9.0,40.0,"Cruce alcista EMA + RSI 54.7 en (50, 70)",29989.5,29971.32,29969.23,54.66,1612.0
24,long,2026-07-07 12:15:00-04:00,29467.25,2026-07-07 12:20:00-04:00,29507.25,TP,40.0,1.5,38.5,0.1307,770.0,2,-16.75,40.0,"Cruce alcista EMA + RSI 57.3 en (50, 70)",29466.25,29383.44,29383.15,57.33,5257.0
25,short,2026-07-07 14:45:00-04:00,29472.25,2026-07-07 14:45:00-04:00,29432.25,TP,40.0,1.5,38.5,0.1306,770.0,1,-12.75,40.0,"Cruce bajista EMA + RSI 39.8 en (30, 50)",29472.75,29517.0,29521.09,39.78,3863.0
26,long,2026-07-08 12:30:00-04:00,29275.5,2026-07-08 12:30:00-04:00,29315.5,TP,40.0,1.5,38.5,0.1315,770.0,1,-6.0,40.0,"Cruce alcista EMA + RSI 60.2 en (50, 70)",29277.0,29201.32,29191.26,60.22,3666.0
27,short,2026-07-09 15:05:00-04:00,29913.75,2026-07-09 15:05:00-04:00,29933.75,SL,-20.0,1.5,-21.5,-0.0719,-430.0,1,-20.0,8.5,"Cruce bajista EMA + RSI 40.7 en (30, 50)",29913.5,29945.23,29947.42,40.69,3755.0
28,long,2026-07-10 10:10:00-04:00,29961.25,2026-07-10 10:10:00-04:00,29941.25,SL,-20.0,1.5,-21.5,-0.0718,-430.0,1,-20.0,4.75,"Cruce alcista EMA + RSI 55.8 en (50, 70)",29961.25,29929.83,29928.93,55.85,5983.0
29,short,2026-07-10 10:20:00-04:00,29905.5,2026-07-10 10:20:00-04:00,29865.5,TP,40.0,1.5,38.5,0.1287,770.0,1,-6.25,40.0,"Cruce bajista EMA + RSI 46.2 en (30, 50)",29905.75,29926.68,29927.76,46.15,6692.0
30,long,2026-07-10 11:30:00-04:00,29980.0,2026-07-10 11:35:00-04:00,29960.0,SL,-20.0,1.5,-21.5,-0.0717,-430.0,2,-20.0,11.5,"Cruce alcista EMA + RSI 60.6 en (50, 70)",29979.0,29908.8,29902.37,60.61,4547.0
31,short,2026-07-14 15:00:00-04:00,29824.5,2026-07-14 15:05:00-04:00,29784.5,TP,40.0,1.5,38.5,0.1291,770.0,2,-8.0,40.0,"Cruce bajista EMA + RSI 47.0 en (30, 50)",29824.0,29838.36,29838.74,47.0,1462.0
32,long,2026-07-15 09:35:00-04:00,29953.25,2026-07-15 09:35:00-04:00,29933.25,SL,-20.0,1.5,-21.5,-0.0718,-430.0,1,-20.0,13.25,"Cruce alcista EMA + RSI 69.2 en (50, 70)",29953.0,29835.29,29828.24,69.17,10316.0
33,short,2026-07-15 09:55:00-04:00,29798.0,2026-07-15 09:55:00-04:00,29818.0,SL,-20.0,1.5,-21.5,-0.0722,-430.0,1,-20.0,18.5,"Cruce bajista EMA + RSI 46.6 en (30, 50)",29798.5,29824.46,29826.04,46.55,8900.0
34,long,2026-07-15 10:05:00-04:00,29844.5,2026-07-15 10:05:00-04:00,29884.5,TP,40.0,1.5,38.5,0.129,770.0,1,-18.25,40.0,"Cruce alcista EMA + RSI 52.3 en (50, 70)",29844.25,29828.1,29827.41,52.33,7002.0
35,short,2026-07-15 10:20:00-04:00,29800.0,2026-07-15 10:20:00-04:00,29760.0,TP,40.0,1.5,38.5,0.1292,770.0,1,-3.25,40.0,"Cruce bajista EMA + RSI 46.4 en (30, 50)",29799.0,29823.04,29825.62,46.43,6160.0
36,long,2026-07-15 13:30:00-04:00,29604.75,2026-07-15 13:45:00-04:00,29644.75,TP,40.0,1.5,38.5,0.13,770.0,4,-0.25,40.0,"Cruce alcista EMA + RSI 57.3 en (50, 70)",29604.0,29550.33,29545.34,57.28,3016.0
37,short,2026-07-15 15:20:00-04:00,29616.75,2026-07-15 15:25:00-04:00,29636.75,SL,-20.0,1.5,-21.5,-0.0726,-430.0,2,-20.0,27.75,"Cruce bajista EMA + RSI 45.3 en (30, 50)",29618.0,29645.41,29646.75,45.29,2088.0
38,long,2026-07-15 15:45:00-04:00,29684.25,2026-07-15 15:45:00-04:00,29664.25,SL,-20.0,1.5,-21.5,-0.0724,-430.0,1,-20.0,3.5,"Cruce alcista EMA + RSI 56.9 en (50, 70)",29683.75,29648.11,29646.08,56.92,4008.0
39,short,2026-07-16 09:35:00-04:00,29435.5,2026-07-16 09:35:00-04:00,29455.5,SL,-20.0,1.5,-21.5,-0.073,-430.0,1,-20.0,57.0,"Cruce bajista EMA + RSI 30.9 en (30, 50)",29433.5,29618.33,29634.38,30.88,11464.0
40,long,2026-07-17 11:55:00-04:00,28884.0,2026-07-17 11:55:00-04:00,28924.0,TP,40.0,1.5,38.5,0.1333,770.0,1,-4.75,40.0,"Cruce alcista EMA + RSI 55.7 en (50, 70)",28884.0,28798.98,28798.86,55.66,4919.0
41,short,2026-07-17 14:05:00-04:00,28906.25,2026-07-17 14:10:00-04:00,28866.25,TP,40.0,1.5,38.5,0.1332,770.0,2,0.0,40.0,"Cruce bajista EMA + RSI 45.8 en (30, 50)",28906.75,28945.2,28945.79,45.78,3662.0
42,long,2026-07-20 09:35:00-04:00,29136.75,2026-07-20 09:40:00-04:00,29176.75,TP,40.0,1.5,38.5,0.1321,770.0,2,-17.25,40.0,"Cruce alcista EMA + RSI 70.0 en (50, 70)",29136.5,28866.93,28850.86,69.99,12471.0
43,short,2026-07-20 11:00:00-04:00,28891.75,2026-07-20 11:00:00-04:00,28911.75,SL,-20.0,1.5,-21.5,-0.0744,-430.0,1,-20.0,18.5,"Cruce bajista EMA + RSI 44.0 en (30, 50)",28891.5,28950.2,28954.12,44.0,6250.0
44,long,2026-07-20 11:20:00-04:00,28973.0,2026-07-20 11:20:00-04:00,29013.0,TP,40.0,1.5,38.5,0.1329,770.0,1,-15.25,40.0,"Cruce alcista EMA + RSI 52.2 en (50, 70)",28972.25,28956.18,28955.67,52.18,3794.0
45,short,2026-07-20 13:05:00-04:00,28961.75,2026-07-20 13:15:00-04:00,28921.75,TP,40.0,1.5,38.5,0.1329,770.0,3,-8.75,40.0,"Cruce bajista EMA + RSI 43.1 en (30, 50)",28961.0,29014.78,29021.92,43.12,3863.0
46,short,2026-07-21 15:05:00-04:00,29317.75,2026-07-21 15:40:00-04:00,29337.75,SL,-20.0,1.5,-21.5,-0.0733,-430.0,8,-20.0,27.0,"Cruce bajista EMA + RSI 47.5 en (30, 50)",29318.5,29329.88,29330.03,47.54,2723.0
47,long,2026-07-21 15:55:00-04:00,29337.75,2026-07-21 15:55:00-04:00,29317.75,SL,-20.0,1.5,-21.5,-0.0733,-430.0,1,-20.0,10.25,"Cruce alcista EMA + RSI 56.3 en (50, 70)",29338.5,29326.5,29324.99,56.31,6307.0
48,long,2026-07-22 11:15:00-04:00,29306.5,2026-07-22 11:35:00-04:00,29286.5,SL,-20.0,1.5,-21.5,-0.0734,-430.0,5,-20.0,35.75,"Cruce alcista EMA + RSI 58.7 en (50, 70)",29306.5,29256.06,29250.74,58.7,4312.0
49,short,2026-07-22 13:50:00-04:00,29281.75,2026-07-22 13:55:00-04:00,29241.75,TP,40.0,1.5,38.5,0.1315,770.0,2,-6.0,40.0,"Cruce bajista EMA + RSI 44.9 en (30, 50)",29282.0,29299.36,29301.4,44.86,1495.0
50,long,2026-07-23 12:30:00-04:00,28707.5,2026-07-23 12:30:00-04:00,28687.5,SL,-20.0,1.5,-21.5,-0.0749,-430.0,1,-20.0,0.75,"Cruce alcista EMA + RSI 56.6 en (50, 70)",28707.25,28630.24,28628.39,56.59,4622.0
51,short,2026-07-23 13:10:00-04:00,28625.5,2026-07-23 13:10:00-04:00,28645.5,SL,-20.0,1.5,-21.5,-0.0751,-430.0,1,-20.0,0.75,"Cruce bajista EMA + RSI 46.9 en (30, 50)",28626.5,28638.66,28638.97,46.87,4802.0
52,short,2026-07-23 13:40:00-04:00,28589.25,2026-07-23 13:45:00-04:00,28609.25,SL,-20.0,1.5,-21.5,-0.0752,-430.0,2,-20.0,18.75,"Cruce bajista EMA + RSI 42.2 en (30, 50)",28590.5,28631.03,28636.15,42.24,2929.0
53,long,2026-07-24 09:35:00-04:00,28603.25,2026-07-24 09:35:00-04:00,28583.25,SL,-20.0,1.5,-21.5,-0.0752,-430.0,1,-20.0,18.75,"Cruce alcista EMA + RSI 56.0 en (50, 70)",28603.25,28560.01,28559.18,55.98,14623.0
54,short,2026-07-24 09:40:00-04:00,28527.75,2026-07-24 09:40:00-04:00,28487.75,TP,40.0,1.5,38.5,0.135,770.0,1,-4.5,40.0,"Cruce bajista EMA + RSI 45.4 en (30, 50)",28528.25,28553.66,28556.37,45.42,11545.0
55,long,2026-07-24 11:25:00-04:00,28502.0,2026-07-24 11:25:00-04:00,28542.0,TP,40.0,1.5,38.5,0.1351,770.0,1,-10.0,40.0,"Cruce alcista EMA + RSI 55.7 en (50, 70)",28501.25,28428.02,28422.56,55.74,5639.0
56,short,2026-07-24 13:05:00-04:00,28477.5,2026-07-24 13:05:00-04:00,28437.5,TP,40.0,1.5,38.5,0.1352,770.0,1,-10.0,40.0,"Cruce bajista EMA + RSI 46.2 en (30, 50)",28478.0,28506.18,28508.27,46.16,4147.0
57,long,2026-07-24 13:35:00-04:00,28541.25,2026-07-24 13:35:00-04:00,28521.25,SL,-20.0,1.5,-21.5,-0.0753,-430.0,1,-20.0,1.25,"Cruce alcista EMA + RSI 56.1 en (50, 70)",28540.75,28501.81,28501.7,56.07,3181.0
58,short,2026-07-24 13:40:00-04:00,28488.5,2026-07-24 14:05:00-04:00,28448.5,TP,40.0,1.5,38.5,0.1351,770.0,6,-13.25,40.0,"Cruce bajista EMA + RSI 48.4 en (30, 50)",28487.5,28498.95,28500.41,48.38,3023.0
59,short,2026-07-27 10:15:00-04:00,28253.25,2026-07-27 10:15:00-04:00,28273.25,SL,-20.0,1.5,-21.5,-0.0761,-430.0,1,-20.0,29.0,"Cruce bajista EMA + RSI 39.1 en (30, 50)",28252.0,28347.81,28351.84,39.12,10901.0
60,long,2026-07-27 12:40:00-04:00,28169.75,2026-07-27 12:40:00-04:00,28149.75,SL,-20.0,1.5,-21.5,-0.0763,-430.0,1,-20.0,9.0,"Cruce alcista EMA + RSI 55.4 en (50, 70)",28170.5,28118.46,28115.61,55.36,4215.0
61,short,2026-07-27 12:55:00-04:00,28058.75,2026-07-27 13:00:00-04:00,28018.75,TP,40.0,1.5,38.5,0.1372,770.0,2,-0.75,40.0,"Cruce bajista EMA + RSI 42.5 en (30, 50)",28059.75,28108.4,28111.98,42.53,5073.0
62,long,2026-07-27 14:10:00-04:00,28097.25,2026-07-27 14:15:00-04:00,28077.25,SL,-20.0,1.5,-21.5,-0.0765,-430.0,2,-20.0,15.5,"Cruce alcista EMA + RSI 53.6 en (50, 70)",28098.75,28071.16,28068.81,53.63,2467.0
63,short,2026-07-27 14:35:00-04:00,28039.5,2026-07-27 14:40:00-04:00,28059.5,SL,-20.0,1.5,-21.5,-0.0767,-430.0,2,-20.0,20.25,"Cruce bajista EMA + RSI 44.6 en (30, 50)",28041.5,28069.56,28069.77,44.58,2389.0
64,long,2026-07-27 14:55:00-04:00,28151.5,2026-07-27 15:00:00-04:00,28191.5,TP,40.0,1.5,38.5,0.1368,770.0,2,0.0,40.0,"Cruce alcista EMA + RSI 60.5 en (50, 70)",28151.5,28084.54,28075.98,60.45,4659.0
65,long,2026-07-28 11:25:00-04:00,27974.0,2026-07-28 11:30:00-04:00,27954.0,SL,-20.0,1.5,-21.5,-0.0769,-430.0,2,-20.0,36.0,"Cruce alcista EMA + RSI 60.4 en (50, 70)",27974.5,27853.78,27842.86,60.45,8745.0
66,short,2026-07-28 13:50:00-04:00,27979.25,2026-07-28 13:50:00-04:00,27939.25,TP,40.0,1.5,38.5,0.1376,770.0,1,0.0,40.0,"Cruce bajista EMA + RSI 48.9 en (30, 50)",27980.0,27991.53,27992.0,48.86,4687.0
67,long,2026-07-28 15:05:00-04:00,28015.25,2026-07-28 15:05:00-04:00,27995.25,SL,-20.0,1.5,-21.5,-0.0767,-430.0,1,-20.0,6.5,"Cruce alcista EMA + RSI 60.0 en (50, 70)",28015.25,27963.86,27963.11,60.01,4028.0
68,long,2026-07-29 13:05:00-04:00,27659.75,2026-07-29 13:05:00-04:00,27639.75,SL,-20.0,1.5,-21.5,-0.0777,-430.0,1,-20.0,2.25,"Cruce alcista EMA + RSI 60.0 en (50, 70)",27661.0,27566.45,27559.84,60.04,5432.0
69,short,2026-07-29 15:35:00-04:00,27610.5,2026-07-29 15:35:00-04:00,27630.5,SL,-20.0,1.5,-21.5,-0.0779,-430.0,1,-20.0,107.0,"Cruce bajista EMA + RSI 37.2 en (30, 50)",27610.25,27791.79,27804.99,37.18,10010.0
70,long,2026-07-30 09:45:00-04:00,27976.75,2026-07-30 09:45:00-04:00,28016.75,TP,40.0,1.5,38.5,0.1376,770.0,1,-3.5,40.0,"Cruce alcista EMA + RSI 60.9 en (50, 70)",27976.25,27731.03,27729.58,60.89,13083.0
71,short,2026-07-31 10:15:00-04:00,28137.0,2026-07-31 10:15:00-04:00,28157.0,SL,-20.0,1.5,-21.5,-0.0764,-430.0,1,-20.0,57.25,"Cruce bajista EMA + RSI 41.2 en (30, 50)",28137.5,28270.35,28277.98,41.2,15340.0
72,long,2026-07-31 10:50:00-04:00,28333.5,2026-07-31 10:50:00-04:00,28313.5,SL,-20.0,1.5,-21.5,-0.0759,-430.0,1,-20.0,12.0,"Cruce alcista EMA + RSI 55.7 en (50, 70)",28332.5,28267.67,28267.26,55.73,9824.0
73,short,2026-07-31 11:25:00-04:00,28196.25,2026-07-31 11:25:00-04:00,28156.25,TP,40.0,1.5,38.5,0.1365,770.0,1,-11.0,40.0,"Cruce bajista EMA + RSI 43.0 en (30, 50)",28195.25,28261.93,28268.26,43.05,5892.0
74,long,2026-07-31 12:10:00-04:00,28273.75,2026-07-31 12:20:00-04:00,28313.75,TP,40.0,1.5,38.5,0.1362,770.0,3,-17.75,40.0,"Cruce alcista EMA + RSI 52.3 en (50, 70)",28274.75,28255.12,28253.32,52.35,4254.0
75,short,2026-08-05 10:40:00-04:00,29841.5,2026-08-05 10:40:00-04:00,29861.5,SL,-20.0,1.5,-21.5,-0.072,-430.0,1,-20.0,16.75,"Cruce bajista EMA + RSI 37.8 en (30, 50)",29840.75,29931.68,29941.67,37.83,8756.0
76,long,2026-08-06 11:10:00-04:00,29671.25,2026-08-06 11:10:00-04:00,29651.25,SL,-20.0,1.5,-21.5,-0.0725,-430.0,1,-20.0,15.0,"Cruce alcista EMA + RSI 54.8 en (50, 70)",29671.75,29617.05,29612.35,54.76,5954.0
77,short,2026-08-06 11:25:00-04:00,29577.25,2026-08-06 11:25:00-04:00,29597.25,SL,-20.0,1.5,-21.5,-0.0727,-430.0,1,-20.0,12.25,"Cruce bajista EMA + RSI 46.2 en (30, 50)",29577.75,29606.99,29609.07,46.23,5686.0
78,long,2026-08-06 14:15:00-04:00,29542.75,2026-08-06 14:15:00-04:00,29522.75,SL,-20.0,1.5,-21.5,-0.0728,-430.0,1,-20.0,29.25,"Cruce alcista EMA + RSI 52.6 en (50, 70)",29542.75,29528.31,29527.84,52.61,1958.0
79,short,2026-08-06 14:50:00-04:00,29512.75,2026-08-06 15:00:00-04:00,29532.75,SL,-20.0,1.5,-21.5,-0.0728,-430.0,3,-20.0,6.75,"Cruce bajista EMA + RSI 44.5 en (30, 50)",29511.75,29529.22,29530.79,44.49,2368.0
80,long,2026-08-06 15:05:00-04:00,29562.5,2026-08-06 15:05:00-04:00,29542.5,SL,-20.0,1.5,-21.5,-0.0727,-430.0,1,-20.0,6.25,"Cruce alcista EMA + RSI 57.5 en (50, 70)",29562.5,29531.67,29531.11,57.52,3112.0
81,short,2026-08-06 15:25:00-04:00,29509.0,2026-08-06 15:30:00-04:00,29529.0,SL,-20.0,1.5,-21.5,-0.0729,-430.0,2,-20.0,19.75,"Cruce bajista EMA + RSI 44.1 en (30, 50)",29509.25,29530.52,29531.53,44.08,2682.0
82,short,2026-08-07 12:55:00-04:00,29746.0,2026-08-07 13:05:00-04:00,29766.0,SL,-20.0,1.5,-21.5,-0.0723,-430.0,3,-20.0,19.25,"Cruce bajista EMA + RSI 48.5 en (30, 50)",29745.75,29760.68,29762.06,48.46,3524.0
83,long,2026-08-07 15:10:00-04:00,29793.0,2026-08-07 15:35:00-04:00,29773.0,SL,-20.0,1.5,-21.5,-0.0722,-430.0,6,-20.0,30.0,"Cruce alcista EMA + RSI 64.0 en (50, 70)",29792.5,29732.47,29731.49,63.99,3576.0
84,short,2026-08-10 11:10:00-04:00,29782.5,2026-08-10 11:10:00-04:00,29802.5,SL,-20.0,1.5,-21.5,-0.0722,-430.0,1,-20.0,16.5,"Cruce bajista EMA + RSI 44.9 en (30, 50)",29782.75,29815.81,29816.46,44.92,4078.0
85,long,2026-08-10 12:00:00-04:00,29844.5,2026-08-10 12:05:00-04:00,29824.5,SL,-20.0,1.5,-21.5,-0.072,-430.0,2,-20.0,14.25,"Cruce alcista EMA + RSI 57.1 en (50, 70)",29844.0,29809.87,29807.12,57.1,2607.0
86,short,2026-08-10 12:40:00-04:00,29769.25,2026-08-10 13:05:00-04:00,29789.25,SL,-20.0,1.5,-21.5,-0.0722,-430.0,6,-20.0,39.75,"Cruce bajista EMA + RSI 42.0 en (30, 50)",29769.5,29803.92,29808.31,42.05,3301.0
87,long,2026-08-10 15:05:00-04:00,29783.0,2026-08-10 15:50:00-04:00,29763.0,SL,-20.0,1.5,-21.5,-0.0722,-430.0,10,-20.0,13.0,"Cruce alcista EMA + RSI 54.2 en (50, 70)",29782.25,29770.36,29769.93,54.16,2236.0
88,short,2026-08-10 15:55:00-04:00,29736.75,2026-08-10 15:55:00-04:00,29744.25,SESSION_END,-7.5,1.5,-9.0,-0.0303,-180.0,1,-19.5,14.25,"Cruce bajista EMA + RSI 36.1 en (30, 50)",29734.0,29771.71,29773.9,36.11,6350.0
89,long,2026-08-11 10:30:00-04:00,29777.75,2026-08-11 10:30:00-04:00,29757.75,SL,-20.0,1.5,-21.5,-0.0722,-430.0,1,-20.0,7.5,"Cruce alcista EMA + RSI 55.1 en (50, 70)",29777.25,29750.71,29750.2,55.07,4515.0
90,short,2026-08-11 11:15:00-04:00,29711.0,2026-08-11 11:20:00-04:00,29731.0,SL,-20.0,1.5,-21.5,-0.0724,-430.0,2,-20.0,13.5,"Cruce bajista EMA + RSI 41.6 en (30, 50)",29712.25,29748.64,29752.26,41.63,4895.0
91,long,2026-08-11 15:30:00-04:00,29624.5,2026-08-11 15:55:00-04:00,29635.25,SESSION_END,10.75,1.5,9.25,0.0312,185.0,6,-17.5,35.75,"Cruce alcista EMA + RSI 55.0 en (50, 70)",29624.0,29602.04,29601.58,55.05,2330.0
92,short,2026-08-12 12:00:00-04:00,29832.75,2026-08-12 12:00:00-04:00,29852.75,SL,-20.0,1.5,-21.5,-0.0721,-430.0,1,-20.0,3.75,"Cruce bajista EMA + RSI 48.9 en (30, 50)",29831.75,29844.99,29846.46,48.9,2025.0
93,long,2026-08-12 12:10:00-04:00,29871.75,2026-08-12 12:30:00-04:00,29851.75,SL,-20.0,1.5,-21.5,-0.072,-430.0,5,-20.0,16.0,"Cruce alcista EMA + RSI 55.7 en (50, 70)",29871.5,29851.25,29849.11,55.75,1905.0
94,short,2026-08-12 15:10:00-04:00,29891.5,2026-08-12 15:35:00-04:00,29851.5,TP,40.0,1.5,38.5,0.1288,770.0,6,-7.0,40.0,"Cruce bajista EMA + RSI 46.8 en (30, 50)",29891.75,29900.58,29901.15,46.76,1278.0
95,short,2026-08-13 12:00:00-04:00,30117.25,2026-08-13 12:00:00-04:00,30137.25,SL,-20.0,1.5,-21.5,-0.0714,-430.0,1,-20.0,3.0,"Cruce bajista EMA + RSI 43.7 en (30, 50)",30115.5,30153.63,30156.14,43.71,4218.0
96,long,2026-08-13 12:30:00-04:00,30186.75,2026-08-13 13:05:00-04:00,30226.75,TP,40.0,1.5,38.5,0.1275,770.0,8,-18.75,40.0,"Cruce alcista EMA + RSI 58.1 en (50, 70)",30186.5,30160.16,30157.85,58.07,3247.0
97,short,2026-08-13 14:25:00-04:00,30184.0,2026-08-13 14:30:00-04:00,30204.0,SL,-20.0,1.5,-21.5,-0.0712,-430.0,2,-20.0,1.0,"Cruce bajista EMA + RSI 44.5 en (30, 50)",30184.0,30201.63,30201.98,44.46,2856.0
98,long,2026-08-13 14:35:00-04:00,30215.75,2026-08-13 15:05:00-04:00,30255.75,TP,40.0,1.5,38.5,0.1274,770.0,7,-3.5,40.0,"Cruce alcista EMA + RSI 56.5 en (50, 70)",30215.75,30202.92,30202.4,56.51,3532.0
99,short,2026-08-13 15:50:00-04:00,30201.25,2026-08-13 15:55:00-04:00,30194.0,SESSION_END,7.25,1.5,5.75,0.019,115.0,2,-4.75,28.25,"Cruce bajista EMA + RSI 43.3 en (30, 50)",30202.25,30219.48,30220.79,43.34,3403.0
100,long,2026-08-14 09:45:00-04:00,30260.75,2026-08-14 09:45:00-04:00,30240.75,SL,-20.0,1.5,-21.5,-0.071,-430.0,1,-20.0,19.75,"Cruce alcista EMA + RSI 64.5 en (50, 70)",30261.0,30221.45,30219.76,64.5,11372.0
101,short,2026-08-14 10:20:00-04:00,30173.0,2026-08-14 10:20:00-04:00,30193.0,SL,-20.0,1.5,-21.5,-0.0713,-430.0,1,-20.0,24.25,"Cruce bajista EMA + RSI 38.1 en (30, 50)",30172.5,30219.12,30221.53,38.14,7512.0
102,long,2026-08-14 14:10:00-04:00,30088.5,2026-08-14 14:25:00-04:00,30068.5,SL,-20.0,1.5,-21.5,-0.0715,-430.0,4,-20.0,4.0,"Cruce alcista EMA + RSI 54.8 en (50, 70)",30088.5,30075.19,30074.13,54.75,1539.0
